Year,Business Name,Owner Name,Business Address,Business Phone,Account Status,Business Start Date,Business Type,Category Code,Category Name,Class Code,Class Name,Business Description
2012,1ST UNITED BANK,1ST UNITED BANK,"633 S FEDERAL HWY FORT LAUDERDALE, FL 33301 USA",954-524-2265,Active,6/2/92,,403,BANKS,40,MISCELLANEOUS,BANKS
2012,1ST UNITED BANK,JOHN MARINO,"2855 N UNIVERSITY DR 100 POMPANO BEACH, FL 33065 USA",,Active,8/23/07,,403,BANKS,40,MISCELLANEOUS,BANKS
2012,5/3 BANK,5/3 BANK,"12336 MIRAMAR PARKWAY MIRAMAR, FL 33025 ",954-378-2786,Active,4/9/12,Corporation,403,BANKS,40,MISCELLANEOUS,BANKS
2012,AMERICAN NATIONAL BANK,AMERICAN NATIONAL BANK,"4301 N FEDERAL HIGHWAY FORT LAUDERDALE, FL 33308 USA",491-7788,Active,10/15/85,,403,BANKS,40,MISCELLANEOUS,BANKS
2012,AMTRUST BANK,"AMTRUST BANK, A DIV OF NYCB","8211 W BROWARD BLVD PLANTATION, FL 33324 ",,Active,10/1/97,,403,BANKS,40,MISCELLANEOUS,BANKS
2012,AMTRUST BANK,"AMTRUST BANK, A DIV OF NYCB","3700 N OCEAN BLVD FT LAUDERDALE, FL 33308 ",,Active,2/13/08,,403,BANKS,40,MISCELLANEOUS,BANKS
2012,AMTRUST BANK,"AMTRUST BANK, A DIV OF NYCB","15870 PINES BLVD PEMBROKE PINES, FL 33027 ",,Active,11/12/08,,403,BANKS,40,MISCELLANEOUS,BANKS
2012,BANESCO,BANESCO USA,"6499 POWERLINE RD #105 FORT LAUDERDALE, FL 33309 ",954-971-9890,Active,8/16/12,Corporation,403,BANKS,40,MISCELLANEOUS,BANKS
2012,BANESCO USA,M. MERCEDES ESCOTET,"316 INDIAN TRACE ROAD WESTON, FL 33134 USA",954-306-7610,Active,5/11/12,Corporation,403,BANKS,40,MISCELLANEOUS,BANKS
2012,BANK BUILDERS INTERNATIONAL INC,SCOTT T RIZNICK,"1270 SW 26 AVE FORT LAUDERDALE, FL 33312 USA",954-584-0363,Active,12/1/05,,403,BANKS,40,MISCELLANEOUS,BANKS
2012,BANK OF AMERICA,NW OP ADM WA1-501-10-10,"9140 WILES RD POMPANO BEACH, FL 33065 USA",954-344-1720,Active,10/6/89,,403,BANKS,40,MISCELLANEOUS,BANKS
2012,BANK OF AMERICA,NW OP ADM WA1-501-10-10,"10050 PINES BLVD HOLLYWOOD, FL 33024 USA",954-435-4114,Active,9/8/94,,403,BANKS,40,MISCELLANEOUS,BANKS
2012,BANK OF AMERICA,C/O L CARNEY FL2-002-02-08 NW OP ADM WA1-501-10-102-08,"5900 ROCK ISLAND RD FORT LAUDERDALE, FL 33319 USA",954-973-8607,Active,9/8/94,,403,BANKS,40,MISCELLANEOUS,BANKS
2012,BANK OF AMERICA,WA1-501-10-10 BANK OF AMERICA NA,"8190 W SUNRISE BLVD FORT LAUDERDALE, FL 33323 USA",954-916-8996,Active,10/1/98,,403,BANKS,40,MISCELLANEOUS,BANKS
2012,BANK OF AMERICA,WA1-501-10-10 BANK OF AMERICA NA,"1381 WESTON RD FORT LAUDERDALE, FL 33326 USA",,Active,9/20/00,,403,BANKS,40,MISCELLANEOUS,BANKS
2012,BANK OF AMERICA,NW OP ADM WA1-501-10-10,"7950 MIRAMAR PKWY HOLLYWOOD, FL 33023 USA",954-981-8298,Active,9/20/00,,403,BANKS,40,MISCELLANEOUS,BANKS
2012,BANK OF AMERICA,WA1-501-10-10 BANK OF AMERICA NA,"3900 S OCEAN DR HOLLYWOOD, FL 33019 USA",954-455-3597,Active,9/20/00,,403,BANKS,40,MISCELLANEOUS,BANKS
2012,BANK OF AMERICA,NW OP ADM WA1-501-10-10,"901 SE 17 ST CSWY FORT LAUDERDALE, FL 33316 USA",954-527-8507,Active,9/20/00,,403,BANKS,40,MISCELLANEOUS,BANKS
2012,BANK OF AMERICA,NW OP ADM WA1-501-10-10,"4513 WESTON RD FORT LAUDERDALE, FL 33331 USA",813-224-3618,Active,11/12/04,,403,BANKS,40,MISCELLANEOUS,BANKS
2012,BANK OF AMERICA,BANK OF AMERICA NW OP ADM WA1 501 10 10,"15999 SW 29 ST HOLLYWOOD, FL 33027 USA",,Active,11/18/03,,403,BANKS,40,MISCELLANEOUS,BANKS
2012,BANK OF AMERICA,BANK OF AMERICA,"296 INDIAN TRACE FORT LAUDERDALE, FL 33326 USA",407-658-5422,Active,6/4/08,,403,BANKS,40,MISCELLANEOUS,BANKS
2012,BANK OF AMERICA INVESTMENT SERVICES INC,C/O L CARNEY FL2-002-02-08 NW OP ADM WA1-501-10-10,"7001 W BROWARD BLVD FORT LAUDERDALE, FL 33317 USA",954-797-1421,Active,3/1/03,,403,BANKS,40,MISCELLANEOUS,BANKS
2012,BANK OF AMERICA N A,KEN LEWIS,"12300 MIRAMAR PKWY HOLLYWOOD, FL 33025 USA",,Active,3/24/09,,403,BANKS,40,MISCELLANEOUS,BANKS
2012,BANK OF AMERICA NA,BANK OF AMERICA NA #7590,"9990 W OAKLAND PK BLVD FORT LAUDERDALE, FL 33321 USA",954-748-8105,Active,5/15/82,,403,BANKS,40,MISCELLANEOUS,BANKS
2012,BANK OF AMERICA NA,C/O L CARNEY FL2-002-02-08 NW OP ADM WA1-501-10-102-08,"3580 S UNIVERSITY DR FORT LAUDERDALE, FL 33328 USA",954-766-7203,Active,6/1/87,,403,BANKS,40,MISCELLANEOUS,BANKS
2012,BANK OF AMERICA NA,C/O L CARNEY FL2-002-02-08 NW OP ADM WA1-501-10-10,"1701 W HILLSBORO BLVD DEERFIELD BEACH, FL 33441 USA",954-421-8006,Active,12/29/86,,403,BANKS,40,MISCELLANEOUS,BANKS
2012,BANK OF AMERICA NA,NW OP ADM WA1-501-10-102-08,"3833 W COMMERCIAL BLVD FORT LAUDERDALE, FL 33309 USA",954-497-3700,Active,9/18/89,,403,BANKS,40,MISCELLANEOUS,BANKS
2012,BANK OF AMERICA NA,C/O L CARNEY FL2-002-02-08 NW OP ADM WA1-501-10-102-08,"3661 W OAKLAND PK BLVD FORT LAUDERDALE, FL 33311 USA",954-486-3666,Active,1/9/89,,403,BANKS,40,MISCELLANEOUS,BANKS
2012,BANK OF AMERICA NA,C/O L CARNEY FL2-002-02-08 NW OP ADM WA1-501-10-10,"3801 HOLLYWOOD BLVD HOLLYWOOD, FL 33021 USA",954-967-3200,Active,7/23/90,,403,BANKS,40,MISCELLANEOUS,BANKS
2012,BANK OF AMERICA NA,C/O L CARNEY FL2-002-02-08 NW OP ADM WA1-501-10-102-08,"1745 E SUNRISE BLVD FORT LAUDERDALE, FL 33304 USA",,Active,10/26/92,,403,BANKS,40,MISCELLANEOUS,BANKS
2012,BANK OF AMERICA NA,C/O L CARNEY FL2-002-02-08 NW OP ADM WA1-501-10-102-08,"4803 COCONUT CRK PKWY OP/F POMPANO BEACH, FL 33063 USA",954-979-6804,Active,9/8/94,,403,BANKS,40,MISCELLANEOUS,BANKS
2012,BANK OF AMERICA NA,C/O L CARNEY FL2-002-02-08 NW OP ADM WA1-501-10-10,"7001 N UNIVERSITY DR FORT LAUDERDALE, FL 33321 USA",954-722-0200,Active,9/8/94,,403,BANKS,40,MISCELLANEOUS,BANKS
2012,BANK OF AMERICA NA,C/O L CARNEY FL2-002-02-08 NW OP ADM WA1-501-10-10,"3600 N FEDERAL HWY FORT LAUDERDALE, FL 33308 USA",954-566-9705,Active,9/8/94,,403,BANKS,40,MISCELLANEOUS,BANKS
2012,BANK OF AMERICA NA,C/O L CARNEY FL2-002-02-08 NW OP ADM WA1-501-10-10,"8181 W BROWARD BLVD FORT LAUDERDALE, FL 33324 USA",954-473-2666,Active,9/8/94,,403,BANKS,40,MISCELLANEOUS,BANKS
2012,BANK OF AMERICA NA,C/O L CARNEY FL2-002-02-08 NW OP ADM WA1-501-10-10,"16350 PINES BLVD HOLLYWOOD, FL 33027 USA",954-437-4112,Active,11/6/95,,403,BANKS,40,MISCELLANEOUS,BANKS
2012,BANK OF AMERICA NA,BANK OF AMERICA NA #109500,"8398 PINES BLVD HOLLYWOOD, FL 33024 USA",,Active,10/3/98,,403,BANKS,40,MISCELLANEOUS,BANKS
2012,BANK OF AMERICA NA,C/O L CARNEY FL2-002-02-08 NW OP ADM WA1-501-10-10,"18291 PINES BLVD HOLLYWOOD, FL 33029 USA",,Active,11/1/98,,403,BANKS,40,MISCELLANEOUS,BANKS
2012,BANK OF AMERICA NA,BANK OF AMERICA NA #109495,"3030 DAVIE BLVD FORT LAUDERDALE, FL 33312 USA",954-316-1685,Active,11/1/98,,403,BANKS,40,MISCELLANEOUS,BANKS
2012,BANK OF AMERICA NA,C/O L CARNEY FL2-002-02-08 NW OP ADM WA1-501-10-10,"2335 E ATLANTIC BLVD POMPANO BEACH, FL 33062 USA",954-786-8017,Active,10/1/98,,403,BANKS,40,MISCELLANEOUS,BANKS
2012,BANK OF AMERICA NA,BANK OF AMERICA NA #109498,"1333 S UNIVERSITY DR FORT LAUDERDALE, FL 33324 USA",,Active,10/1/98,,403,BANKS,40,MISCELLANEOUS,BANKS
2012,BANK OF AMERICA NA,C/O L CARNEY FL2-002-02-08 NW OP ADM WA1-501-10-10,"80 FLAMINGO RD HOLLYWOOD, FL 33026 USA",954-433-0483,Active,10/1/98,,403,BANKS,40,MISCELLANEOUS,BANKS
2012,BANK OF AMERICA NA,C/O L CARNEY FL2-002-02-08 NW OP ADM WA1-501-10-10,"2903 STIRLING RD DANIA, FL 33004 USA",,Active,10/1/98,,403,BANKS,40,MISCELLANEOUS,BANKS
2012,BANK OF AMERICA NA,C/O L CARNEY FL2-002-02-08 NW OP ADM WA1-501-10-10,"12381 W SUNRISE BLVD FORT LAUDERDALE, FL 33323 USA",954-915-0940,Active,10/1/98,,403,BANKS,40,MISCELLANEOUS,BANKS
2012,BANK OF AMERICA NA,C/O L CARNEY FL2-002-02-08 NW OP ADM WA1-501-10-10,"15891 SHERIDAN ST DAVIE, FL 33331 USA",954-252-0551,Active,4/13/00,,403,BANKS,40,MISCELLANEOUS,BANKS
2012,BANK OF AMERICA NA,C/O L CARNEY FL2-002-02-08 NW OP ADM WA1-501-10-10,"11150 TAFT ST HOLLYWOOD, FL 33026 USA",954-432-0304,Active,9/19/00,,403,BANKS,40,MISCELLANEOUS,BANKS
2012,BANK OF AMERICA NA,C/O L CARNEY FL2-002-02-08 NW OP ADM WA1-501-10-10,"21 S POMPANO PKWY POMPANO BEACH, FL 33069 USA",954-973-0700,Active,9/19/00,,403,BANKS,40,MISCELLANEOUS,BANKS
2012,BANK OF AMERICA NA,C/O L CARENY FL2-002-02-08 NW OP ADM WA1-501-10-102-08,"150 NE 44 ST FORT LAUDERDALE, FL 33334 USA",954-566-8452,Active,9/19/00,,403,BANKS,40,MISCELLANEOUS,BANKS
2012,BANK OF AMERICA NA,WA1-501-10-10 BANK OF AMERICA NA #109837,"1601 E OAKLAND PK BLVD FORT LAUDERDALE, FL 33334 USA",954-568-4392,Active,9/20/00,,403,BANKS,40,MISCELLANEOUS,BANKS
2012,BANK OF AMERICA NA,C/O L CARNEY FL2-002-02-08 NW OP ADM WA1-501-10-10,"6100 N FEDERAL HWY FORT LAUDERDALE, FL 33308 USA",954-351-0432,Active,9/20/00,,403,BANKS,40,MISCELLANEOUS,BANKS
2012,BANK OF AMERICA NA,C/O L CARNEY FL2-002-02-08 NW OP ADM WA1-501-10-10,"3200 N UNIVERSITY DR POMPANO BEACH, FL 33065 USA",954-753-5436,Active,9/20/00,,403,BANKS,40,MISCELLANEOUS,BANKS
2012,BANK OF AMERICA NA,WA1-501-10-10 BANK OF AMERICA NA #109519,"3311 W HILLSBORO BLVD DEERFIELD BEACH, FL 33441 USA",954-428-2400,Active,9/20/00,,403,BANKS,40,MISCELLANEOUS,BANKS
2012,BANK OF AMERICA NA,C/O L CARNEY FL2-002-02-08 NW OP ADM WA1-501-10-10,"801 E HALLANDALE BCH BLVD HALLANDALE, FL 33009 USA",,Active,9/20/00,,403,BANKS,40,MISCELLANEOUS,BANKS
2012,BANK OF AMERICA NA,C/O L CARNEY FL2-002-02-08 NW OP ADM WA1-501-10-10,"901 S STATE RD 7 100 HOLLYWOOD, FL 33023 USA",954-965-0970,Active,9/20/00,,403,BANKS,40,MISCELLANEOUS,BANKS
2012,BANK OF AMERICA NA,C/O L CARNEY FL2-002-02-08 NW OP ADM WA1-501-10-10,"5504 S FLAMINGO RD FORT LAUDERDALE, FL 33330 USA",954-434-0740,Active,9/20/00,,403,BANKS,40,MISCELLANEOUS,BANKS
2012,BANK OF AMERICA NA,C/O L CARNEY FL2-002-02-08 NW OP ADM WA1-501-10-10,"3800 W BROWARD BLVD FORT LAUDERDALE, FL 33312 USA",954-797-3900,Active,9/20/00,,403,BANKS,40,MISCELLANEOUS,BANKS
2012,BANK OF AMERICA NA,C/O L CARNEY FL2-002-02-08 NW OP ADM WA1-501-10-10,"5590 W SAMPLE RD POMPANO BEACH, FL 33073 USA",954-974-9088,Active,9/20/00,,403,BANKS,40,MISCELLANEOUS,BANKS
2012,BANK OF AMERICA NA,C/O L CARNEY FL2-002-02-08 NW OP ADM WA1-501-10-10,"4901 N FEDERAL HWY FORT LAUDERDALE, FL 33334 USA",954-765-2287,Active,9/20/00,,403,BANKS,40,MISCELLANEOUS,BANKS
2012,BANK OF AMERICA NA,C/O L CARNEY FL2-002-02-08 NW OP ADM WA1-501-10-102-08,"101 S OCEAN BLVD POMPANO BEACH, FL 33060 USA",,Active,9/20/00,,403,BANKS,40,MISCELLANEOUS,BANKS
2012,BANK OF AMERICA NA,C/O L CARNEY FL2-002-02-08 NW OP ADM WA1-501-10-102-08,"900 W SAMPLE RD POMPANO BEACH, FL 33064 USA",954-786-7135,Active,9/20/00,,403,BANKS,40,MISCELLANEOUS,BANKS
2012,BANK OF AMERICA NA,C/O L CARNEY FL2-002-02-08 NW OP ADM WA1-501-10-10,"8200 N UNIVERSITY DR FORT LAUDERDALE, FL 33321 USA",954-718-6242,Active,9/20/00,,403,BANKS,40,MISCELLANEOUS,BANKS
2012,BANK OF AMERICA NA,BANK OF AMERICA NA #109496,"8800 W OAKLAND PK BLVD FORT LAUDERDALE, FL 33351 USA",954-742-7441,Active,9/20/00,,403,BANKS,40,MISCELLANEOUS,BANKS
2012,BANK OF AMERICA NA,C/O L CARNEY FL2-002-02-08 NW OP ADM WA1-501-10-10,"4400 INVERRARY BLVD B FORT LAUDERDALE, FL 33319 USA",954-485-5100,Active,9/20/00,,403,BANKS,40,MISCELLANEOUS,BANKS
2012,BANK OF AMERICA NA,C/O L CARNEY FL2-002-02-08 NW OP ADM WA1-501-10-102-08,"550 MAIN BLVD POMPANO BEACH, FL 33063 USA",954-974-6992,Active,9/20/00,,403,BANKS,40,MISCELLANEOUS,BANKS
2012,BANK OF AMERICA NA,C/O L CARNEY FL2-002-02-08 NW OP ADM WA1-501-10-10,"1401 UNIVERSITY DR POMPANO BEACH, FL 33071 USA",954-341-0004,Active,9/20/00,,403,BANKS,40,MISCELLANEOUS,BANKS
2012,BANK OF AMERICA NA,C/O L CARNEY FL2-002-02-08 NW OP ADM WA1-501-10-10,"7001 W BROWARD BLVD FORT LAUDERDALE, FL 33317 USA",,Active,9/20/00,,403,BANKS,40,MISCELLANEOUS,BANKS
2012,BANK OF AMERICA NA,C/O L CARNEY FL2-002-02-08 NW OP ADM WA1-501-10-10,"1900 TYLER ST HOLLYWOOD, FL 33020 USA",,Active,9/20/00,,403,BANKS,40,MISCELLANEOUS,BANKS
2012,BANK OF AMERICA NA,C/O L CARNEY FL2-002-02-08 NW OP ADM WA1-501-10-10,"888 NW 62 ST FORT LAUDERDALE, FL 33309 USA",954-928-1974,Active,9/20/00,,403,BANKS,40,MISCELLANEOUS,BANKS
2012,BANK OF AMERICA NA,C/O L CARNEY FL2-002-02-08 NW OP ADM WA1-501-10-102-08,"1000 S FEDERAL HWY DEERFIELD BEACH, FL 33441 USA",,Active,9/20/00,,403,BANKS,40,MISCELLANEOUS,BANKS
2012,BANK OF AMERICA NA,C/O L CARNEY FL2-002-02-08 NW OP ADM WA1-501-10-10,"6300 STIRLING RD FORT LAUDERDALE, FL 33314 USA",954-986-4727,Active,9/20/00,,403,BANKS,40,MISCELLANEOUS,BANKS
2012,BANK OF AMERICA NA,C/O L CARNEY FL2-002-02-08 NW OP ADM WA1-501-10-10,"2655 N 60 AVE HOLLYWOOD, FL 33021 USA",,Active,9/20/00,,403,BANKS,40,MISCELLANEOUS,BANKS
2012,BANK OF AMERICA NA,C/O L CARNEY FL2-002-02-08 NW OP ADM WA1-501-10-10,"4601 SHERIDAN ST HOLLYWOOD, FL 33021 USA",954-963-4610,Active,9/20/00,,403,BANKS,40,MISCELLANEOUS,BANKS
2012,BANK OF AMERICA NA,C/O L CARNEY FL2-002-02-08 NW OP ADM WA1-501-10-10,"2850 N FEDERAL HWY POMPANO BEACH, FL 33064 USA",954-784-2973,Active,9/20/00,,403,BANKS,40,MISCELLANEOUS,BANKS
2012,BANK OF AMERICA NA,C/O L CARNEY FL2-002-02-08 NW OP ADM WA1-501-10-102-08,"4012 N OCEAN BLVD FORT LAUDERDALE, FL 33308 USA",954-561-9403,Active,9/20/00,,403,BANKS,40,MISCELLANEOUS,BANKS
2012,BANK OF AMERICA NA,C/O L CARNEY FL2-002-02-08 NW OP ADM WA1-501-10-10,"1795 BONAVENTURE BLVD FORT LAUDERDALE, FL 33326 USA",954-389-3550,Active,5/21/01,,403,BANKS,40,MISCELLANEOUS,BANKS
2012,BANK OF AMERICA NA,C/O L CARNEY FL2-002-02-08 NW OP ADM WA1-501-10-10,"6101 CORAL RIDGE DR POMPANO BEACH, FL 33067 USA",,Active,2/19/02,,403,BANKS,40,MISCELLANEOUS,BANKS
2012,BANK OF AMERICA NA,WA1-501-10-10 BANK OF AMERICA NA,"2300 E SUNRISE BLVD FORT LAUDERDALE, FL 33304-0000 USA",954-567-5501,Active,7/18/08,,403,BANKS,40,MISCELLANEOUS,BANKS
2012,BANK OF AMERICA NA,C/O L CARNEY FL2-002-02-08 NW,"1470 CORAL RIDGE DR POMPANO BEACH, FL 33071 USA",954-757-4062,Active,5/15/08,,403,BANKS,40,MISCELLANEOUS,BANKS
2012,BANK OF AMERICA NA #2707,WA1-501-10-10 BANK OF AMERICA NA #2707,"6650 N STATE RD 7 POMPANO BEACH, FL 33073 USA",954-570-3666,Active,3/7/94,,403,BANKS,40,MISCELLANEOUS,BANKS
2012,BANK OF AMERICA NA #5890,WA1-501-10-10 BANK OF AMERICA NA #5890,"401 E LAS OLAS BLVD G1 FORT LAUDERDALE, FL 33301 USA",,Active,10/18/02,,403,BANKS,40,MISCELLANEOUS,BANKS
2012,BANKUNITED,LETI SOLIS,"808 SE 17 ST FORT LAUDERDALE, FL 33316 ",305-818-8510,Active,8/27/12,Corporation,403,BANKS,40,MISCELLANEOUS,BANKS
2012,BB & T,BRANCH BANKING & TRUST CO,"450 N PINE ISLAND RD PLANTATION, FL 33324 USA",954-523-3401,Active,10/1/85,,403,BANKS,40,MISCELLANEOUS,BANKS
2012,BB & T,BB & T,"3696 N FEDERAL HWY FORT LAUDERDALE, FL 33308 USA",305-523-3401,Active,3/1/96,,403,BANKS,40,MISCELLANEOUS,BANKS
2012,BB & T,BRANCH BANKING & TRUST CO,"900 SE 17 ST FORT LAUDERDALE, FL 33316 USA",,Active,1/24/08,,403,BANKS,40,MISCELLANEOUS,BANKS
2012,BB& T,BRANCH BANKING & TRUST CO,"2434 HOLLYWOOD BLVD HOLLYWOOD, FL 33020 USA",954-920-2265,Active,10/31/80,,403,BANKS,40,MISCELLANEOUS,BANKS
2012,BB& T,BRANCH BANKING & TRUST CO,"110 E BROWARD BLVD FLOORS 1 & 21 FORT LAUDERDALE, FL 33301 USA",954-462-6093,Active,6/12/84,,403,BANKS,40,MISCELLANEOUS,BANKS
2012,BB& T,BRANCH BANKING & TRUST CO,"1451 NW 62 ST FORT LAUDERDALE, FL 33309 USA",954-514-1810,Active,2/17/88,,403,BANKS,40,MISCELLANEOUS,BANKS
2012,BB& T,BRANCH BANKING & TRUST CO,"1448 E HALLANDALE BCH BLVD HALLANDALE, FL 33009 USA",334-676-5944,Active,1/12/95,,403,BANKS,40,MISCELLANEOUS,BANKS
2012,BB& T,BRANCH BANKING & TRUST CO,"1999 UNIVERSITY DR 100 CORAL SPRINGS, FL 33071 USA",,Active,1/12/95,,403,BANKS,40,MISCELLANEOUS,BANKS
2012,BB& T,BRANCH BANKING & TRUST CO,"300 E SAMPLE RD POMPANO BEACH, FL 33064 USA",,Active,1/12/95,,403,BANKS,40,MISCELLANEOUS,BANKS
2012,BB& T,BRANCH BANKING & TRUST CO,"4763 N OCEAN DR FORT LAUDERDALE, FL 33308 USA",954-785-4182,Active,7/1/98,,403,BANKS,40,MISCELLANEOUS,BANKS
2012,BB& T,BRANCH BANKING & TRUST CO,"9600 W SAMPLE RD CORAL SPRINGS, FL 33065 USA",954-523-3401,Active,9/17/99,,403,BANKS,40,MISCELLANEOUS,BANKS
2012,BB& T,BRANCH BANKING & TRUST CO,"101 N FEDERAL HWY DEERFIELD BEACH, FL 33441 USA",954-523-3401,Active,3/30/99,,403,BANKS,40,MISCELLANEOUS,BANKS
2012,BB& T,BRANCH BANKING & TRUST CO,"3850 HOLLYWOOD BLVD HOLLYWOOD, FL 33021 USA",954-523-3401,Active,11/19/01,,403,BANKS,40,MISCELLANEOUS,BANKS
2012,BB& T,BRANCH BANKING & TRUST CO,"2 S UNIVERSITY DR 100 PLANTATION, FL 33324 USA",954-423-5155,Active,8/28/00,,403,BANKS,40,MISCELLANEOUS,BANKS
2012,BB& T,BRANCH BANKING & TRUST CO,"10500 MIRAMAR PKWY MIRAMAR, FL 33025 USA",954-523-3401,Active,12/18/00,,403,BANKS,40,MISCELLANEOUS,BANKS
2012,BB& T,BRANCH BANKING & TRUST CO,"1580 SAWGRASS CORP PKWY 310 SUNRISE, FL 33323 USA",334-676-5944,Active,10/11/02,,403,BANKS,40,MISCELLANEOUS,BANKS
2012,BB& T,BRANCH BANKING & TRUST CO,"1580 SAWGRASS CORP PKWY 120 SUNRISE, FL 33323 USA",954-523-3401,Active,1/23/03,,403,BANKS,40,MISCELLANEOUS,BANKS
2012,BB& T,BRANCH BANKING & TRUST CO,"6400 N FEDERAL HWY FORT LAUDERDALE, FL 33309 USA",954-514-1810,Active,9/24/07,,403,BANKS,40,MISCELLANEOUS,BANKS
2012,BRANCH BANKING & TRUST,ATTN NANCY WEEDEN,"1834 W HILLSBOROUGH BLVD DEERFIELD BEACH, FL 33442 USA",954-421-2495,Active,1/1/99,,403,BANKS,40,MISCELLANEOUS,BANKS
2012,BRANCH BANKING & TRUST COMPANY,DIANE FORSYTH / NANCY WEEDEN,"4651 SHERIDAN ST HOLLYWOOD, FL 33021 USA",954-442-2155,Active,11/1/98,,403,BANKS,40,MISCELLANEOUS,BANKS
2012,BRANCH BANKING & TRUST COMPANY,ATTN DIANE FORSYTH,"13636 STATE RD 84 FORT LAUDERDALE, FL 33325 USA",954-577-0781,Active,1/25/99,,403,BANKS,40,MISCELLANEOUS,BANKS
2012,BROWARD BANK OF COMMERCE,KEITH P COSTELLO,"101 NE 3 AVE FORT LAUDERDALE, FL 33301 USA",954-769-9920,Active,10/10/08,,403,BANKS,40,MISCELLANEOUS,BANKS
2012,BROWARD BANK OF COMMERCE,KEITH COSTELLO,"2601 E OAKLAND PARK BLVD #102 FORT LAUDERDALE, FL 33306 USA",954-761-4900,Active,9/14/12,Corporation,403,BANKS,40,MISCELLANEOUS,BANKS
2012,CAPITAL BANK,CAPITAL BANK,"4820 N FEDERAL HWY POMPANO BEACH, FL 33064 USA",954-725-9009,Active,1/5/98,,403,BANKS,40,MISCELLANEOUS,BANKS
2012,CAPITAL BANK,CAPITAL BANK,"4699 N NOB HILL RD SUNRISE, FL 33351-4725 ",,Active,3/25/02,,403,BANKS,40,MISCELLANEOUS,BANKS
2012,CITIBANK,PORRAS ORESTES J / CITIBANK FSB,"1636 TOWN CENTER CR FORT LAUDERDALE, FL 33326 USA",954-384-2083,Active,3/1/06,,403,BANKS,40,MISCELLANEOUS,BANKS
2012,CITIBANK (FLORIDA) N A,CITIBANK FSB,"4807 COCONUT CREEK PKWY POMPANO BEACH, FL 33063 USA",954-975-7211,Active,8/20/84,,403,BANKS,40,MISCELLANEOUS,BANKS
2012,CITIBANK (FLORIDA) N A,CITIBANK (FLORIDA) N A CITIBANK FSB,"255 E DANIA BEACH BLVD DANIA, FL 33004 USA",954-925-2211,Active,7/16/93,,403,BANKS,40,MISCELLANEOUS,BANKS
2012,CITIBANK (FLORIDA) N A,CITIBANK FSB,"500 E BROWARD BLVD FORT LAUDERDALE, FL 33301 USA",954-527-5545,Active,10/19/95,,403,BANKS,40,MISCELLANEOUS,BANKS
2012,CITIBANK FSB,GARCIA VELEZ CALIXTO / CITIBANK FSB,"8411 PINES BLVD HOLLYWOOD, FL 33024 USA",954-322-3587,Active,10/23/03,,403,BANKS,40,MISCELLANEOUS,BANKS
2012,CITIBANK FSB,GARCIA VELEZ CALIXTO / CITIBANK FSB,"18395 PINES BLVD HOLLYWOOD, FL 33026 USA",954-322-2194,Active,8/14/03,,403,BANKS,40,MISCELLANEOUS,BANKS
2012,CITIBANK FSB,CITIBANK FSB,"3101 N FEDERAL HWY FORT LAUDERDALE, FL 33306 USA",954-567-8320,Active,2/22/06,,403,BANKS,40,MISCELLANEOUS,BANKS
2012,CITIBANK N A,CITIBANK,"16101 MIRAMAR PKWY HOLLYWOOD, FL 33027 USA",,Active,12/5/07,,403,BANKS,40,MISCELLANEOUS,BANKS
2012,CITIBANK NA,ORESTES J PORRAS BRANCH MANAGER,"1290 WESTON ROAD WESTON, FL 33326 USA",954-375-3909,Active,5/24/11,,403,BANKS,40,MISCELLANEOUS,BANKS
2012,CITY NATIONAL BANK,CITY NATIONAL BANK JORGE GONZALEZ,"9750 W ATLANTIC BLVD CORAL SPRINGS, FL 33071 USA",305-577-7366,Active,1/19/11,,403,BANKS,40,MISCELLANEOUS,BANKS
2012,CITY NATIONAL BANK OF FLORIDA,CITY NATIONAL BANK OF FLORIDA,"1995 E HALLANDALE BCH BLVD HALLANDALE, FL 33009 USA",454-5000,Active,7/16/93,,403,BANKS,40,MISCELLANEOUS,BANKS
2012,CITY NATIONAL BANK OF FLORIDA,CITY NATIONAL BANK OF FLORIDA,"350 LAS OLAS BLVD 1130 FORT LAUDERDALE, FL 33311 USA",954-765-5629,Active,3/26/07,,403,BANKS,40,MISCELLANEOUS,BANKS
2012,CNL BANK,MICHAEL C COLLINS,"888 E LAS OLAS BLVD 710 FORT LAUDERDALE, FL 33301 USA",407-244-3100,Active,2/20/09,,403,BANKS,40,MISCELLANEOUS,BANKS
2012,COMERICA BANK,COMERICA BANK,"100 NE 3 AVE 100 FORT LAUDERDALE, FL 33301 USA",954-468-0607,Active,11/1/85,,403,BANKS,40,MISCELLANEOUS,BANKS
2012,COMMMUNITY BANK OF BROWARD,BRUCE KEIR,"2929 E COMMERCIAL BLVD 101 FORT LAUDERDALE, FL 33308 USA",954-351-2265,Active,2/26/03,,403,BANKS,40,MISCELLANEOUS,BANKS
2012,COMMUNITY BANK OF BROWARD,BRUCE KEIR,"1220 S STATE RD 7 HOLLYWOOD, FL 33023 USA",,Active,2/27/02,,403,BANKS,40,MISCELLANEOUS,BANKS
2012,COMMUNITY BANK OF BROWARD,BRUCE KEIR PRESIDENT & CEO,"1991 STIRLING RD DANIA, FL 33004 USA",954-342-8686,Active,1/8/02,,403,BANKS,40,MISCELLANEOUS,BANKS
2012,COMMUNITY BANK OF BROWARD,BRUCE M KEIR/PRES/CEO,"3111 UNIVERSITY DR 101 POMPANO BEACH, FL 33065 USA",954-346-0443,Active,3/10/02,,403,BANKS,40,MISCELLANEOUS,BANKS
2012,COMMUNITY BANK OF BROWARD,STEPHEN D GOLDSTEIN,"1504 WESTON RD FORT LAUDERDALE, FL 33326 USA",954-888-9989,Active,5/28/02,,403,BANKS,40,MISCELLANEOUS,BANKS
2012,COMMUNITY BANK OF BROWARD,BRUCE KEIR,"929 E HALLANDALE BCH BLVD HALLANDALE, FL 33009 USA",954-455-2882,Active,7/31/02,,403,BANKS,40,MISCELLANEOUS,BANKS
2012,COMMUNITY BANK OF BROWARD,BRUCE KEIR,"10310 GRIFFIN RD FORT LAUDERDALE, FL 33328 USA",954-434-1111,Active,5/1/04,,403,BANKS,40,MISCELLANEOUS,BANKS
2012,COMMUNITY BANK OF BROWARD,BRUCE KEIR,"4600 HOLLYWOOD BLVD HOLLYWOOD, FL 33021 USA",954-983-7771,Active,7/31/06,,403,BANKS,40,MISCELLANEOUS,BANKS
2012,COMMUNITY BANK OF BROWARD,PORTER JONNINE,"510 N PINE ISLAND RD FORT LAUDERDALE, FL 33324 USA",954-915-2265,Active,2/23/07,,403,BANKS,40,MISCELLANEOUS,BANKS
2012,DESJARDINS BANK NA,DESJARDINS BANK NA,"1001 E HALLANDALE BCH BLVD HALLANDALE, FL 33009 USA",954-454-1001,Active,4/3/92,,403,BANKS,40,MISCELLANEOUS,BANKS
2012,DESJARDINS BANK NA,DESJARDINS BANK NA,"2741 E ATLANTIC BLVD POMPANO BEACH, FL 33062 USA",954-785-7110,Active,8/2/01,,403,BANKS,40,MISCELLANEOUS,BANKS
2012,DESJARDINS BANK NA,DESJARDINS BANK NA,"7329 W OAKLAND PARK FORT LAUDERDALE, FL 33319 USA",954-454-1001,Active,4/6/06,,403,BANKS,40,MISCELLANEOUS,BANKS
2012,EVERBANK,EVERBANK,"200 SW 1ST AVENUE, SUITE 1700 FT LAUDERDALE, FL 33301-2074 USA",,Active,10/1/07,,403,BANKS,40,MISCELLANEOUS,BANKS
2012,EVERBANK,EVERBANK,"2521 EAST COMMERCIAL BLVD FT LAUDERDALE, FL 33308-4102 USA",,Active,10/1/07,,403,BANKS,40,MISCELLANEOUS,BANKS
2012,FIFTH THIRD BANK,FIFTH THIRD BANK,"199 N UNIVERSITY DR HOLLYWOOD, FL 33024 USA",,Active,6/13/08,,403,BANKS,40,MISCELLANEOUS,BANKS
2012,FIFTH THIRD BANK FLORIDA,FIFTH THIRD BANK / ATTN L WHEATO,"600 S ANDREWS AVE 100 FORT LAUDERDALE, FL 33301 USA",954-468-1466,Active,10/24/02,,403,BANKS,40,MISCELLANEOUS,BANKS
2012,FIRST BANK FLORIDA,MARIA GARCIA,"7220 W ATLANTIC BLVD POMPANO BEACH, FL 33063 USA",305-740-9522,Active,1/1/92,,403,BANKS,40,MISCELLANEOUS,BANKS
2012,FIRST UNITED BANK,FIRST UNITED BANK,"5854 S FLAMINGO RD FORT LAUDERDALE, FL 33330 USA",434-7600,Active,1/2/87,,403,BANKS,40,MISCELLANEOUS,BANKS
2012,FLORIDA SHORES BANK SOUTHEAST,STEVEN D HICKMAN,"400 N FEDERAL HWY POMPANO BEACH, FL 33062 USA",954-876-2300,Active,12/8/06,,403,BANKS,40,MISCELLANEOUS,BANKS
2012,GREAT FLORIDA BANK,GREAT FLORIDA BANK,"1142 WESTON RD FORT LAUDERDALE, FL 33326 USA",305-514-6903,Active,1/1/05,,403,BANKS,40,MISCELLANEOUS,BANKS
2012,GREAT FLORIDA BANK,GREAT FLORIDA BANK,"1709 HALLANDALE BCH BLVD HALLANDALE, FL 33009 USA",305-514-6903,Active,9/1/05,,403,BANKS,40,MISCELLANEOUS,BANKS
2012,GREAT FLORIDA BANK,GREAT FLORIDA BANK,"8743 STIRLING RD FORT LAUDERDALE, FL 33328 USA",305-514-6903,Active,2/1/06,,403,BANKS,40,MISCELLANEOUS,BANKS
2012,GREAT FLORIDA BANK,MASOOD GHOMESHI,"3456 W HILLSBORO BLVD DEERFIELD BEACH, FL 33442 USA",305-514-6903,Active,5/16/07,,403,BANKS,40,MISCELLANEOUS,BANKS
2012,GREAT FLORIDA BANK,MASOOD GHOMESHI,"1501 SE 17 ST 5 FORT LAUDERDALE, FL 33316 USA",305-514-6900,Active,7/20/06,,403,BANKS,40,MISCELLANEOUS,BANKS
2012,HOME FEDERAL BANK OF HOLLYWOOD,HOMEBANC GROUP INC,"900 N FEDERAL HWY HALLANDALE, FL 33009 USA",954-458-2626,Active,9/8/98,,403,BANKS,40,MISCELLANEOUS,BANKS
2012,HSBC BANK USA NATIONAL ASSOCIATION,HSBC BANK USA INC,"1291 S POMPANO PKWY POMPANO BEACH, FL 33060 USA",954-979-5040,Active,10/8/82,,403,BANKS,40,MISCELLANEOUS,BANKS
2012,HSBC BANK USA NATIONAL ASSOCIATION,HSBC BANK USA INC,"1600 SE 17 ST CSWY STE 100 FT LAUDERDALE, FL 33316 ",,Active,3/16/87,,403,BANKS,40,MISCELLANEOUS,BANKS
2012,HSBC BANK USA NATIONAL ASSOCIATION,HSBC BANK USA INC,"301 N FEDERAL HWY POMPANO BEACH, FL 33069 USA",,Active,12/12/05,,403,BANKS,40,MISCELLANEOUS,BANKS
2012,HSBC BANK USA NATIONAL ASSOCIATION,HSBC BANK USA NATIONAL ASSOCIATION,"350 E LAS OLAS BLVD FORT LAUDERDALE, FL 33301 ",,Active,9/26/05,,403,BANKS,40,MISCELLANEOUS,BANKS
2012,IBERIABANK,IBERIABANK,"1201 S ANDREWS AVE FT LAUDERDALE, FL 33316 ",,Active,7/19/10,,403,BANKS,40,MISCELLANEOUS,BANKS
2012,JP MORGAN CHASE BANK N A,JP MORGAN CHASE BANK  N A,"8264 WILES RD CORAL SRINGS, FL 33067 ",954 341 0575,Active,2/22/12,,403,BANKS,40,MISCELLANEOUS,BANKS
2012,JP MORGAN CHASE BANK N.A.,JP MORGAN CHASE BANK N.A.,"8351 NW 88 AVE TAMARAC, FL 33321 USA",954 720-1842,Active,9/19/11,,403,BANKS,40,MISCELLANEOUS,BANKS
2012,JP MORGAN CHASE BANK NA,JP MORGAN CHASE BANK NA,"5055 N DIXIE HWY FORT LAUDERDALE, FL 33334 ",954-426-2101,Active,9/25/08,,403,BANKS,40,MISCELLANEOUS,BANKS
2012,JP MORGAN CHASE BANK NA,JP MORGAN CHASE BANK NA,"9999 MIRAMAR PKWY MIRAMAR, FL 33025 USA",954-443-0391,Active,10/7/11,,403,BANKS,40,MISCELLANEOUS,BANKS
2012,JP MORGAN CHASE BANK NA,JP MORGAN CHASE BANK NA,"1800 N FEDERAL HWY FORT LAUDERDALE, FL 33305 ",,Active,10/12/11,,403,BANKS,40,MISCELLANEOUS,BANKS
2012,JP MORGAN CHASE BANK NA,JP MORGAN CHASE BANK NA,"10195 CLEARY BLVD PLANTATION, FL 33324 ",,Active,10/12/11,,403,BANKS,40,MISCELLANEOUS,BANKS
2012,JP MORGAN CHASE BANK NA,JP MORGAN CHASE BANK NA,"943 SE 15 ST POMPANO BEACH, FL 33060 USA",,Active,11/29/11,,403,BANKS,40,MISCELLANEOUS,BANKS
2012,JP MORGAN CHASE BANK NA,JP MORGAN CHASE BANK NA,"14916 PINES BLVD PEMBROKE PINES, FL 33027 ",,Active,3/23/12,,403,BANKS,40,MISCELLANEOUS,BANKS
2012,JP MORGAN CHASE BANK NA,JP MORGAN CHASE BANK NA,"1799 BELL TOWER LN WESTON, FL 33326 ",,Active,4/2/12,,403,BANKS,40,MISCELLANEOUS,BANKS
2012,JP MORGAN CHASE BANK NA,JP MORGAN CHASE BANK NA,"6399 W COMMERCIAL BLVD TAMARAC, FL 33319 USA",954-724-0737,Active,7/23/12,,403,BANKS,40,MISCELLANEOUS,BANKS
2012,JPMORGAN CHASE BANK NA,JPMORGAN CHASE BANK NA ATTN HELEN LINES,"300 E DANIA BCH BLVD DANIA, FL 33004 USA",954-925-0007,Active,8/28/81,,403,BANKS,40,MISCELLANEOUS,BANKS
2012,JPMORGAN CHASE BANK NA,JPMORGAN CHASE BANK NA ATTN HELEN LINES,"5545 SHERIDAN ST HOLLYWOOD, FL 33021 USA",954-961-4477,Active,9/4/84,,403,BANKS,40,MISCELLANEOUS,BANKS
2012,JPMORGAN CHASE BANK NA,JPMORGAN CHASE BANK NA ATTN HELEN LINES,"1040 WESTON RD WESTON, FL 33326 USA",389-4554,Active,1/4/85,,403,BANKS,40,MISCELLANEOUS,BANKS
2012,JPMORGAN CHASE BANK NA,JPMORGAN CHASE BANK NA ATTN HELEN LINES,"4809 COCONUT CRK PKWY COCONUT CREEK, FL 33063 USA",954-978-3441,Active,7/27/87,,403,BANKS,40,MISCELLANEOUS,BANKS
2012,JPMORGAN CHASE BANK NA,JPMORGAN CHASE BANK NA ATTN HELEN LINES,"2401 E ATLANTIC BLVD POMPANO BEACH, FL 33071 USA",954-941-5700,Active,12/20/85,,403,BANKS,40,MISCELLANEOUS,BANKS
2012,JPMORGAN CHASE BANK NA,JPMORGAN CHASE BANK NA ATTN HELEN LINES,"3300 N UNIVERSITY DR SUNRISE, FL 33351 USA",954-572-7666,Active,7/24/89,,403,BANKS,40,MISCELLANEOUS,BANKS
2012,JPMORGAN CHASE BANK NA,JPMORGAN CHASE BANK NA ATTN HELEN LINES,"1100 E HILLSBORO BLVD DEERFIELD BEACH, FL 33441 USA",954-428-8522,Active,10/1/91,,403,BANKS,40,MISCELLANEOUS,BANKS
2012,JPMORGAN CHASE BANK NA,JPMORGAN CHASE BANK NA ATTN HELEN LINES,"8975 ATLANTIC BLVD CORAL SPRINGS, FL 33071 USA",954-755-8992,Active,11/18/92,,403,BANKS,40,MISCELLANEOUS,BANKS
2012,JPMORGAN CHASE BANK NA,JPMORGAN CHASE BANK NA ATTN HELEN LINES,"12590 W SUNRISE BLVD SUNRISE, FL 33323 USA",954-845-0150,Active,5/1/96,,403,BANKS,40,MISCELLANEOUS,BANKS
2012,JPMORGAN CHASE BANK NA,JPMORGAN CHASE BANK NA ATTN HELEN LINES,"4820 W OAKLAND PK BLVD LAUDERDALE LAKES, FL 33301 USA",954-485-1060,Active,12/10/98,,403,BANKS,40,MISCELLANEOUS,BANKS
2012,JPMORGAN CHASE BANK NA,JPMORGAN CHASE BANK NA ATTN HELEN LINES,"6860 MIRAMAR PKWY MIRAMAR, FL 33023 USA",954-962-0070,Active,12/10/98,,403,BANKS,40,MISCELLANEOUS,BANKS
2012,JPMORGAN CHASE BANK NA,THOMAS PIRZL,"18475 PINES BLVD HOLLYWOOD, FL 33029 USA",954-443-4678,Active,12/21/98,,403,BANKS,40,MISCELLANEOUS,BANKS
2012,JPMORGAN CHASE BANK NA,JPMORGAN CHASE BANK NA ATTN HELEN LINES,"790 E BROWARD BLVD FORT LAUDERDALE, FL 33301 USA",954-523-8122,Active,8/9/99,,403,BANKS,40,MISCELLANEOUS,BANKS
2012,JPMORGAN CHASE BANK NA,JPMORGAN CHASE BANK NA,"1701 E YOUNG CIR HOLLYWOOD, FL 33020 USA",954-923-5428,Active,7/1/02,,403,BANKS,40,MISCELLANEOUS,BANKS
2012,JPMORGAN CHASE BANK NA,JPMORGAN CHASE BANK NA ATTN HELEN LINES,"15651 SHERIDAN ST DAVIE, FL 33331 USA",,Active,12/8/04,,403,BANKS,40,MISCELLANEOUS,BANKS
2012,JPMORGAN CHASE BANK NA,JPMORGAN CHASE BANK NA ATTN HELEN LINES,"2285 N FEDERAL HWY POMPANO BEACH, FL 33060 USA",,Active,11/7/06,,403,BANKS,40,MISCELLANEOUS,BANKS
2012,JPMORGAN CHASE BANK NA,JPMORGAN CHASE BANK NA ATTN HELEN LINES,"4223 HOLLYWOOD BLVD HOLLYWOOD, FL 33021 USA",,Active,6/1/08,,403,BANKS,40,MISCELLANEOUS,BANKS
2012,JPMORGAN CHASE BANK NA,JPMORGAN CHASE BANK NA ATTN HELEN LINES,"6500 N STATE RD 7 COCONUT CREEK, FL 33073 ",,Active,10/1/09,,403,BANKS,40,MISCELLANEOUS,BANKS
2012,JPMORGAN CHASE BANK NA,JPMORGAN CHASE BANK NA,"10585 WILES ROAD CORAL SPRINGS, FL 33076 USA",312-732-6513,Active,9/25/08,,403,BANKS,40,MISCELLANEOUS,BANKS
2012,JPMORGAN CHASE BANK NA,JPMORGAN CHASE BANK NA,"710 N UNIVERSITY DR PEMBROKE PINES, FL 33024 ",954-447-9395,Active,9/10/12,,403,BANKS,40,MISCELLANEOUS,BANKS
2012,LEGACY BANK OF FLORIDA,BRADLEY R MEREDITH,"12 SE 7 ST 100 FORT LAUDERDALE, FL 33301 USA",954-763-5550,Active,5/15/06,,403,BANKS,40,MISCELLANEOUS,BANKS
2012,LEGACY BANK OF FLORIDA,DENNIS G BEDLEY,"6825 POWERLINE RD FORT LAUDERDALE, FL 33309 USA",561-544-8400,Active,1/8/08,,403,BANKS,40,MISCELLANEOUS,BANKS
2012,MERCANTIL COMMERCEBANK NA MERCANTIL COMMERCEBANK,HOLDING COMPANY,"8017 N UNIVERSITY DR POMPANO BEACH, FL 33067 USA",954-282-5004,Active,6/10/09,,403,BANKS,40,MISCELLANEOUS,BANKS
2012,NATBANK,NATBANK,"4031 OAKWOOD BLVD HOLLYWOOD, FL 33020 USA",954-922-9992,Active,1/1/96,,403,BANKS,40,MISCELLANEOUS,BANKS
2012,NATBANK,NATBANK,"1231 S FEDERAL HWY POMPANO BEACH, FL 33062 USA",954-781-4005,Active,1/1/96,,403,BANKS,40,MISCELLANEOUS,BANKS
2012,NORTHERN TRUST BANK OF FLORIDA,NORTHERN TRUST BANK OF FLORIDA,"1100 E LAS OLAS BLVD FORT LAUDERDALE, FL 33301 USA",954-527-3913,Active,7/16/93,,403,BANKS,40,MISCELLANEOUS,BANKS
2012,OCEAN BANK,OCEAN BANK,"200 NE 3 AVE FORT LAUDERDALE, FL 33301 USA",954-519-0460,Active,7/27/98,,403,BANKS,40,MISCELLANEOUS,BANKS
2012,OCEAN BANK,JOSE A CONCEPCION/PRES & CEO,"6775 TAFT ST HOLLYWOOD, FL 33024 USA",954-983-1193,Active,2/1/99,,403,BANKS,40,MISCELLANEOUS,BANKS
2012,OCEAN BANK,JOSE A CONCEPCION/PRES & CEO,"2581 N HIATUS RD HOLLYWOOD, FL 33026 USA",954-447-0331,Active,2/1/99,,403,BANKS,40,MISCELLANEOUS,BANKS
2012,OCEAN BANK WESTON BRANCH,OCEAN BANK WESTON BRANCH,"2700 S COMMERCE PKWY 100 FORT LAUDERDALE, FL 33331 USA",954-384-2944,Active,5/20/02,,403,BANKS,40,MISCELLANEOUS,BANKS
2012,ONEUNITED BANK,ONEUNITED BANK,"2412 N STATE RD 7 FORT LAUDERDALE, FL 33313 USA",305-739-3400,Active,9/13/04,,403,BANKS,40,MISCELLANEOUS,BANKS
2012,OPTIMUM HOLDINGS INC,RICHARD L BROWDY,"2477 E COMMERCIAL BLVD FORT LAUDERDALE, FL 33308 USA",954-776-2332,Active,10/1/04,,403,BANKS,40,MISCELLANEOUS,BANKS
2012,OPTIMUMBANK,RICHARD L BROWDY/PRES,"2215 W HILLSBORO BLVD DEERFIELD BEACH, FL 33442 USA",954-452-9501,Active,1/2/04,,403,BANKS,40,MISCELLANEOUS,BANKS
2012,OPTIUMUM BANK COM,RICHARD L BROWDY,"10197 CLEARY BLVD FORT LAUDERDALE, FL 33324 USA",954-452-9501,Active,11/1/00,,403,BANKS,40,MISCELLANEOUS,BANKS
2012,P N C BANK NA,P N C BANK NA,"4560 LYONS RD POMPANO BEACH, FL 33073 USA",954-971-1021,Active,12/27/05,,403,BANKS,40,MISCELLANEOUS,BANKS
2012,P N C BANK NA,P N C BANK NA,"651 S W 6 ST POMPANO BEACH, FL 33060 USA",561-803-9942,Active,1/9/12,,403,BANKS,40,MISCELLANEOUS,BANKS
2012,PARADISE BANK,GAVIN DENNIS,"540 N FEDERAL HWY FT LAUDERDALE, FL 33301 ",,Active,4/3/06,,403,BANKS,40,MISCELLANEOUS,BANKS
2012,PNC BANK N.A.,ANTONIO BERNAT,"6550 N. FEDERAL HWY FT LAUDERDALE, FL 33308 ",,Active,3/8/11,,403,BANKS,40,MISCELLANEOUS,BANKS
2012,PNC BANK N.A.,PNC BANK N.A.,"1051 E HILLSBORO BLVD DEERFIELD BCH, FL 33441 ",561 803 9942,Active,9/19/11,,403,BANKS,40,MISCELLANEOUS,BANKS
2012,PNC BANK N.A.,PNC BANK N.A.,"2561 N UNIVERSITY DR CORAL SPRINGS, FL 33065 ",561-803-9942,Active,1/25/12,Corporation,403,BANKS,40,MISCELLANEOUS,BANKS
2012,PNC BANK N.A.,PNC BANK N.A.,"6990 N STATE ROAD 7 COCONUT CREEK, FL 33073 ",561-803-9942,Active,1/17/12,Corporation,403,BANKS,40,MISCELLANEOUS,BANKS
2012,PNC BANK NA,PNC BANK NA,"200 E BROWARD BLVD FORT LAUDERDALE, FL 33301 USA",954-764-8829,Active,3/13/06,,403,BANKS,40,MISCELLANEOUS,BANKS
2012,PNC BANK NA,PNC BANK NA,"6899 N UNIVERSITY DR FORT LAUDERDALE, FL 33321 USA",,Active,12/8/06,,403,BANKS,40,MISCELLANEOUS,BANKS
2012,PNC BANK NA,PNC BANK NA,"8901 W ATLANTIC BLVD POMPANO BEACH, FL 33071 USA",,Active,12/19/08,,403,BANKS,40,MISCELLANEOUS,BANKS
2012,PNC BANK NA,PNC BANK NA,"289 POMPANO PKWY POMPANO BEACH, FL 33069 USA",954-935-2280,Active,3/9/09,,403,BANKS,40,MISCELLANEOUS,BANKS
2012,PNC BANK NA,PNC BANK N.A.,"16250 INDIAN TRACE RD WESTON, FL 33326 ",561-803-9942,Active,1/30/12,Corporation,403,BANKS,40,MISCELLANEOUS,BANKS
2012,PNC BANK NA,"PNC BANK NA (PROPERTY MANAGER, CLAUDIO BORIMONOFF)","14495 MIRAMAR PKWY MIRAMAR, FL 33027 U.S.A.",561-803-9790,Active,9/27/12,,403,BANKS,40,MISCELLANEOUS,BANKS
2012,RBC CENTURA BANK,SCOTT M CUSTER,"4499 WESTON RD FORT LAUDERDALE, FL 33331 USA",,Active,8/28/06,,403,BANKS,40,MISCELLANEOUS,BANKS
2012,REGENT BANK,REGENT BANK,"2205 S UNIVERSITY DR FORT LAUDERDALE, FL 33324 USA",474-5000,Active,7/11/86,,403,BANKS,40,MISCELLANEOUS,BANKS
2012,REGENT BANK,CYRIL S SPIRO,"1100 SE 3 AVE FORT LAUDERDALE, FL 33316 USA",954-474-5000,Active,7/24/97,,403,BANKS,40,MISCELLANEOUS,BANKS
2012,REGENT BANK,RENEE SASS,"1540 S FEDERAL HWY POMPANO BEACH, FL 33062 USA",954-545-7700,Active,9/19/05,,403,BANKS,40,MISCELLANEOUS,BANKS
2012,REGIONS BANK,REGIONS BANK PROPERTY TAX DEPT,"2425 UNIVERSITY DR POMPANO BEACH, FL 33065 USA",954-753-1276,Active,8/20/84,,403,BANKS,40,MISCELLANEOUS,BANKS
2012,REGIONS BANK,REGIONS BANK PROPERTY TAX DEPT,"1799 W OAKLAND PK BLVD FORT LAUDERDALE, FL 33311 USA",954-485-1600,Active,9/4/84,,403,BANKS,40,MISCELLANEOUS,BANKS
2012,REGIONS BANK,REGIONS BANK PROPERTY TAX DEPT,"225 S FEDERAL HWY DEERFIELD BEACH, FL 33441 USA",954-428-3000,Active,5/1/92,,403,BANKS,40,MISCELLANEOUS,BANKS
2012,REGIONS BANK,REGIONS BANK PROPERTY TAX DEPT,"400 N PINE ISLAND RD PLANTATION, FL 33324 USA",954-475-4552,Active,1/1/94,,403,BANKS,40,MISCELLANEOUS,BANKS
2012,REGIONS BANK,REGIONS BANK PROPERTY TAX DEPT,"8337 W SUNRISE BLVD FORT LAUDERDALE, FL 33322 USA",954-424-9369,Active,10/1/94,,403,BANKS,40,MISCELLANEOUS,BANKS
2012,REGIONS BANK,REGIONS BANK PROPERTY TAX DEPT,"7118 N UNIVERSITY DR FORT LAUDERDALE, FL 33321 USA",,Active,4/4/96,,403,BANKS,40,MISCELLANEOUS,BANKS
2012,REGIONS BANK,REGIONS BANK PROPERTY TAX DEPT,"1501 BONAVENTURE BLVD FORT LAUDERDALE, FL 33326 USA",954-217-0693,Active,11/3/03,,403,BANKS,40,MISCELLANEOUS,BANKS
2012,REGIONS BANK,REGIONS BANK PROPERTY TAX DEPT,"1200 E LAS OLAS BLVD 102 FORT LAUDERDALE, FL 33301 USA",,Active,2/22/05,,403,BANKS,40,MISCELLANEOUS,BANKS
2012,REGIONS BANK,REGIONS BANK PROPERTY TAX DEPT,"9100 GRIFFIN RD COOPER CITY, FL 33328 USA",954-434-5111,Active,7/27/05,,403,BANKS,40,MISCELLANEOUS,BANKS
2012,REGIONS BANK ATTN PROPERTY TX DPT,REGIONS BANK,"2660 E COMMERCIAL BLVD FORT LAUDERDALE, FL 33308 USA",,Active,2/15/06,,403,BANKS,40,MISCELLANEOUS,BANKS
2012,SABADELL UNITED BANK NA,SABADELL UNITED BANK NA,"110 SE 6 ST FORT LAUDERDALE, FL 33301 USA",305-522-7979,Active,4/3/95,,403,BANKS,40,MISCELLANEOUS,BANKS
2012,SABADELL UNITED BANK NA,SABADELL UNITED BANK NA,"150 PINE ISLAND RD 100 PLANTATION, FL 33324-7807 USA",954-476-7090,Active,12/29/99,,403,BANKS,40,MISCELLANEOUS,BANKS
2012,SEACOAST MARINE FINANCE FIRST NATIONAL BANK & TRUST,FIRST NATIONAL BANK & TRUST OF THE TREASURE COAST,"1800 SE 10 AVE 315 FORT LAUDERDALE, FL 33316 USA",954-630-3430,Active,1/31/00,,403,BANKS,40,MISCELLANEOUS,BANKS
2012,SEASIDE NATIONAL BANK & TRUST,GIDEON T HAYMAKER,"450 E LOS OLAS BLVD 150 FORT LAUDERDALE, FL 33301 USA",,Active,11/29/08,,403,BANKS,40,MISCELLANEOUS,BANKS
2012,SPACE COAST CREDIT UNION,"DOUG SAMUELS , CEO","11505 W SAMPLE RD CORAL SPRINGS, FL 33065 ",954 704 5476,Active,11/21/11,,403,BANKS,40,MISCELLANEOUS,BANKS
2012,STONEGATE BANK,DAVE SELESKI,"1430 N FEDERAL HWY FORT LAUDERDALE, FL 33304 USA",954-315-5500,Active,9/27/05,,403,BANKS,40,MISCELLANEOUS,BANKS
2012,SUN TRUST BANK,"SUNTRUST BANKS, INC","4475 S FLAMINGO RD FORT LAUDERDALE, FL 33330 USA",,Active,5/24/06,,403,BANKS,40,MISCELLANEOUS,BANKS
2012,SUN TRUST BANK,SUN TRUST BANKS INC,"9501 WILES RD CORAL SPRINGS, FL 33076 ",954-344-0113,Active,7/1/86,,403,BANKS,40,MISCELLANEOUS,BANKS
2012,SUN TRUST BANK,"SUNTRUST BANKS, INC","1601 S FEDERAL HWY FORT LAUDERDALE, FL 33316 ",954-764-2728,Active,12/1/77,,403,BANKS,40,MISCELLANEOUS,BANKS
2012,SUN TRUST BANK - WESTON BRANCH,SUN TRUST BANKS INC FSU-AP,"1200 WESTON RD WESTON, FL 33326 ",954-385-7102,Active,9/1/86,,403,BANKS,40,MISCELLANEOUS,BANKS
2012,SUNTRUST BANK,"SUNTRUST BANKS, INC","3800 N FEDERAL HWY POMPANO BEACH, FL 33064 USA",,Active,5/24/06,,403,BANKS,40,MISCELLANEOUS,BANKS
2012,SUNTRUST BANK,"SUNTRUST BANKS, INC","15701 PINES BLVD PEMBROKE PINES, FL 33028 USA",954-765-7191,Active,11/30/06,,403,BANKS,40,MISCELLANEOUS,BANKS
2012,SUNTRUST BANK,SUNTRUST BANKS INC,"601 W BROWARD BLVD FORT LAUDERDALE, FL 33312 ",954-713-1492,Active,7/1/81,,403,BANKS,40,MISCELLANEOUS,BANKS
2012,SUNTRUST BANK,"SUNTRUST BANKS, INC","221 COMMERCIAL BLVD LAUDERDALE BY THE SEA, FL 33308 ",954-938-7880,Active,10/1/80,,403,BANKS,40,MISCELLANEOUS,BANKS
2012,SUNTRUST BANK,SUNTRUST BANKS INC,"1900 E HALLANDALE BEACH BLVD HALLANDALE, FL 33009 ",954-455-2321,Active,1/1/84,,403,BANKS,40,MISCELLANEOUS,BANKS
2012,SUNTRUST BANK,"SUNTRUST BANKS, INC","3530 N OCEAN BLVD FORT LAUDERDALE, FL 33308 ",954-390-6081,Active,1/1/99,,403,BANKS,40,MISCELLANEOUS,BANKS
2012,SUNTRUST BANK,SUNTRUST BANKS INC,"4480 WESTON RD DAVIE, FL 33331 ",954-385-2700,Active,9/15/98,,403,BANKS,40,MISCELLANEOUS,BANKS
2012,SUNTRUST BANK,"SUNTRUST BANKS, INC","2626 E OAKLAND PARK BLVD FORT LAUDERDALE, FL 33306 ",954-396-6000,Active,7/1/78,,403,BANKS,40,MISCELLANEOUS,BANKS
2012,SUNTRUST BANK,SUNTRUST BANKS INC,"7879 W COMMERCIAL BLVD TAMARAC, FL 33351 ",954-721-2206,Active,12/1/79,,403,BANKS,40,MISCELLANEOUS,BANKS
2012,SUNTRUST BANK,SUNTRUST BANKS INC,"8200 W BROWARD BLVD PLANTATION, FL 33324 ",954-382-8894,Active,3/22/04,,403,BANKS,40,MISCELLANEOUS,BANKS
2012,SUNTRUST BANK,"SUNTRUST BANKS, INC","6260 POWERLINE RD FORT LAUDERDALE, FL 33309 ",954-202-2642,Active,10/27/98,,403,BANKS,40,MISCELLANEOUS,BANKS
2012,SUNTRUST BANK,SUNTRUST BANKS INC,"14425 MIRAMAR PKWY MIRAMAR, FL 33027 ",954-432-6085,Active,12/18/00,,403,BANKS,40,MISCELLANEOUS,BANKS
2012,SUNTRUST BANK,"SUNTRUST BANKS, INC","4850 WILES RD POMPANO BEACH, FL 33073 USA",954-765-7290,Active,8/3/09,,403,BANKS,40,MISCELLANEOUS,BANKS
2012,SUNTRUST BANK,"SUNTRUST BANKS, INC","1431 NE 26 STREET WILTON MANORS, FL 33305 ",954-561-1981,Active,12/9/09,,403,BANKS,40,MISCELLANEOUS,BANKS
2012,SUNTRUST BANK,SUNTRUST BANKS INC,"110 S FEDERAL HWY DEERFIELD BEACH, FL 33441 ",,Active,12/1/78,,403,BANKS,40,MISCELLANEOUS,BANKS
2012,SUNTRUST BANK,SUNTRUST BANKS INC,"1890 N UNIVERSITY DR CORAL SPRINGS, FL 33071 ",954-346-4758,Active,9/1/87,,403,BANKS,40,MISCELLANEOUS,BANKS
2012,SUNTRUST BANK,SUNTRUST BANKS INC,"501 E LAS OLAS BLVD FORT LAUDERDALE, FL 33301 ",954-766-2110,Active,4/1/55,,403,BANKS,40,MISCELLANEOUS,BANKS
2012,SUNTRUST BANK,"SUNTRUST BANKS, INC","5201 SHERIDAN ST HOLLYWOOD, FL 33021 ",954-962-5869,Active,9/1/77,,403,BANKS,40,MISCELLANEOUS,BANKS
2012,SUNTRUST BANK,SUNTRUST BANKS INC,"5801 W HILLSBORO BLVD PARKLAND, FL 33076 ",954-509-0157,Active,2/2/04,,403,BANKS,40,MISCELLANEOUS,BANKS
2012,SUNTRUST BANK,"SUNTRUST BANKS, INC","1409 E ATLANTIC BLVD POMPANO BEACH, FL 33060 ",,Active,4/1/78,,403,BANKS,40,MISCELLANEOUS,BANKS
2012,SUNTRUST BANK,SUNTRUST BANKS INC,"3649 W OAKLAND PARK BLVD FORT LAUDERDALE, FL 33311 ",954-714-1400,Active,7/1/81,,403,BANKS,40,MISCELLANEOUS,BANKS
2012,SUNTRUST BANK,SUNTRUST BANKS INC,"1761 W HILLSBORO BLVD DEERFIELD BEACH, FL 33442 ",954-418-4993,Active,7/1/95,,403,BANKS,40,MISCELLANEOUS,BANKS
2012,SUNTRUST BANK,"SUNTRUST BANKS, INC","3850 W COMMERCIAL BLVD TAMARAC, FL 33309 ",954-714-3232,Active,10/1/80,,403,BANKS,40,MISCELLANEOUS,BANKS
2012,SUNTRUST BANK,"SUNTRUST BANKS, INC","8250 MIRAMAR PKWY MIRAMAR, FL 33025 ",954-432-4119,Active,1/1/84,,403,BANKS,40,MISCELLANEOUS,BANKS
2012,SUNTRUST BANK,SUNTRUST BANKS INC,"4000 HOLLYWOOD BLVD HOLLYWOOD, FL 33021 ",954-966-5550,Active,11/1/74,,403,BANKS,40,MISCELLANEOUS,BANKS
2012,SUNTRUST BANK SAWGRASS MILLS,SUNTRUST BANKS INC,"12396 W SUNRISE BLVD FORT LAUDERDALE, FL 33323 USA",,Active,3/27/06,,403,BANKS,40,MISCELLANEOUS,BANKS
2012,TD BANK,TD BANK NA,"665 NW 62 ST FORT LAUDERDALE, FL 33309 ",,Active,5/10/11,,403,BANKS,40,MISCELLANEOUS,BANKS
2012,TD BANK NA,TD BANK NA,"5997 STIRLING RD DAVIE, FL 33314 USA",,Active,10/19/07,,403,BANKS,40,MISCELLANEOUS,BANKS
2012,TD BANK NA,GARY P KAAGANOWICH,"490 N ST RD 7 MARGATE, FL 33063 ",,Active,12/3/09,,403,BANKS,40,MISCELLANEOUS,BANKS
2012,TD BANK NA,TD BANK NA,"1215 SE 17 ST FORT LAUDERDALE, FL 33316 USA",954-356-9357,Active,7/14/09,,403,BANKS,40,MISCELLANEOUS,BANKS
2012,TD BANK NA,TD BANK NA,"7999 PINES BLVD PEMBROKE PINES, FL 33024 ",,Active,7/7/11,,403,BANKS,40,MISCELLANEOUS,BANKS
2012,"TD BANK, N.A.","TD BANK, N.A.","3325 W HILLSBORO BLVD DEERFIELD BEACH, FL 33441 USA",561-684-5514,Active,3/22/06,,403,BANKS,40,MISCELLANEOUS,BANKS
2012,"TD BANK, N.A.","TD BANK, N.A.","7345 W OAKLAND PK BLVD FORT LAUDERDALE, FL 33319 USA",,Active,10/24/06,,403,BANKS,40,MISCELLANEOUS,BANKS
2012,"TD BANK, N.A.","TD BANK, N.A.","7001 W COMMERCIAL BLVD TAMARAC, FL 33319 USA",,Active,10/19/07,,403,BANKS,40,MISCELLANEOUS,BANKS
2012,"TD BANK, N.A.","TD BANK, N.A.","4475 WESTON RD WESTON, FL 33331 USA",,Active,10/19/07,,403,BANKS,40,MISCELLANEOUS,BANKS
2012,"TD BANK, N.A.","GARY KAGANOWICH, VP","1701 E SUNRISE BLVD FT LAUDERDALE, FL 33304 ",,Active,1/11/11,,403,BANKS,40,MISCELLANEOUS,BANKS
2012,"TD BANK, N.A.",GARY KAGANOWICH (VICE PRESIDENT),"3600 N FEDERAL HWY LIGHTHOUSE POINT, FL 33064 ",954-783-1617,Active,7/28/12,Corporation,403,BANKS,40,MISCELLANEOUS,BANKS
2012,"TD BANK,N.A.","TD BANK, N.A.","2600 N UNIVERSITY DR CORAL SPRINGS, FL 33073 USA",,Active,9/8/07,,403,BANKS,40,MISCELLANEOUS,BANKS
2012,"TD BANK,N.A.",GARY KAGANOWICH,"6700 N. STATE ROAD 7 COCONUT CREEK, FL 33073 ",954-426-3334,Active,5/1/10,,403,BANKS,40,MISCELLANEOUS,BANKS
2012,"TD BANK,N.A.","TD BANK,N.A.","5171 SHERIDAN STREET HOLLYWOOD, FL 33021 ",954-964-2550,Active,2/19/11,,403,BANKS,40,MISCELLANEOUS,BANKS
2012,TRANSCAPITAL BANK,BANK TRANSCAPITAL,"2100 E HALLANDALE BCH BLVD HALLANDALE, FL 33009 USA",954-456-3325,Active,7/26/99,,403,BANKS,40,MISCELLANEOUS,BANKS
2012,US CENTURY BANK,OCTAVIO HERNANDEZ,"4350 SHERIDAN ST HOLLYWOOD, FL 33021 USA",954-962-8707,Active,3/29/05,,403,BANKS,40,MISCELLANEOUS,BANKS
2012,VALLEY BANK,BANK VALLEY,"8199 W MCNAB RD FORT LAUDERDALE, FL 33321 USA",954-721-4100,Active,2/1/78,,403,BANKS,40,MISCELLANEOUS,BANKS
2012,"WACHOVIA BANK,NA/A WELLS FARGO COMPANY","AGENT JANE SIMMONS,VP/CES PM","2525 NORTH DIXIE HWY WILTON MANORS, FL 33305 ",954-233-0468,Active,5/23/11,,403,BANKS,40,MISCELLANEOUS,BANKS
2012,WELLS FARGO BANK N A,WELLS FARGO BANK N A,"1191 S UNIVERSITY DR PLANTATION, FL 33324 ",,Active,5/30/02,,403,BANKS,40,MISCELLANEOUS,BANKS
2012,WELLS FARGO BANK N A,WELLS FARGO BANK N A,"11 WESTON RD WESTON, FL 33326 ",,Active,3/2/87,,403,BANKS,40,MISCELLANEOUS,BANKS
2012,WELLS FARGO BANK N A,WELLS FARGO BANK N A,"2603 N HIATUS RD COOPER CITY, FL 33026 ",,Active,5/30/02,,403,BANKS,40,MISCELLANEOUS,BANKS
2012,WELLS FARGO BANK N A,WELLS FARGO BANK N A,"3575 S UNIVERSITY DR DAVIE, FL 33328 ",,Active,10/1/93,,403,BANKS,40,MISCELLANEOUS,BANKS
2012,WELLS FARGO BANK N A,WELLS FARGO BANK N A,"3668 W HILLSBORO BLVD DEERFIELD BEACH, FL 33442 ",,Active,1/17/83,,403,BANKS,40,MISCELLANEOUS,BANKS
2012,WELLS FARGO BANK N A,WELLS FARGO BANK N A,"2577 E SUNRISE BLVD FT LAUDERDALE, FL 33304 ",,Active,6/6/83,,403,BANKS,40,MISCELLANEOUS,BANKS
2012,WELLS FARGO BANK N A,WELLS FARGO BANK N A ATTN MAILCODE D1115-042,"6245 N FEDERAL HWY FT LAUDERDALE, FL 33308 ",,Active,5/30/02,,403,BANKS,40,MISCELLANEOUS,BANKS
2012,WELLS FARGO BANK N A,WELLS FARGO BANK N A,"3600 N OCEAN DR FT LAUDERDALE, FL 33308 ",,Active,5/30/02,,403,BANKS,40,MISCELLANEOUS,BANKS
2012,WELLS FARGO BANK N A,WELLS FARGO BANK N A,"1700 W COMMERCIAL BLVD FT LAUDERDALE, FL 33309 ",,Active,11/1/82,,403,BANKS,40,MISCELLANEOUS,BANKS
2012,WELLS FARGO BANK N A,WELLS FARGO BANK N A,"800 CYPRESS CREEK RD FT LAUDERDALE, FL 33309 ",,Active,10/3/88,,403,BANKS,40,MISCELLANEOUS,BANKS
2012,WELLS FARGO BANK N A,WELLS FARGO BANK N A,"1710 S ANDREWS AVE FT LAUDERDALE, FL 33316 ",,Active,10/1/94,,403,BANKS,40,MISCELLANEOUS,BANKS
2012,WELLS FARGO BANK N A,WELLS FARGO BANK N A,"3325 HOLLYWOOD BLVD HOLLYWOOD, FL 33021 ",,Active,5/30/02,,403,BANKS,40,MISCELLANEOUS,BANKS
2012,WELLS FARGO BANK N A,WELLS FARGO BANK N A,"6810 MIRAMAR PKWY MIRAMAR, FL 33023 ",,Active,5/30/02,,403,BANKS,40,MISCELLANEOUS,BANKS
2012,WELLS FARGO BANK N A,WELLS FARGO BANK N A,"50 SW 84 AVE PLANTATION, FL 33324 ",,Active,5/30/02,,403,BANKS,40,MISCELLANEOUS,BANKS
2012,WELLS FARGO BANK N A,WELLS FARGO BANK N A ATTN MAILCODE D1115-042,"1460 CORAL RIDGE DR CORAL SPRINGS, FL 33065 ",,Active,10/1/95,,403,BANKS,40,MISCELLANEOUS,BANKS
2012,WELLS FARGO BANK N A,WELLS FARGO BANK N A,"9501 WESTVIEW DR CORAL SPRINGS, FL 33065 ",,Active,2/17/98,,403,BANKS,40,MISCELLANEOUS,BANKS
2012,WELLS FARGO BANK N A,WELLS FARGO BANK N A,"17199 PINES BLVD PEMBROKE PINES, FL 33029 ",,Active,2/9/98,,403,BANKS,40,MISCELLANEOUS,BANKS
2012,WELLS FARGO BANK N A,WELLS FARGO BANK N A ATTN MAILCODE D1115-042,"3550 N FEDERAL HWY LIGHTHOUSE POINT, FL 33064 ",,Active,5/30/02,,403,BANKS,40,MISCELLANEOUS,BANKS
2012,WELLS FARGO BANK N A,WELLS FARGO BANK N A ATTN MAILCODE D1115-042,"5902 CORAL RIDGE DR CORAL SPRINGS, FL 33076 ",,Active,2/26/01,,403,BANKS,40,MISCELLANEOUS,BANKS
2012,WELLS FARGO BANK N A,WELLS FARGO BANK N A ATTN MAILCODE D1115-042,"5321 LYONS RD COCONUT CREEK, FL 33073 ",,Active,2/20/04,,403,BANKS,40,MISCELLANEOUS,BANKS
2012,WELLS FARGO BANK N A,WELLS FARGO BANK N A ATTN MAILCODE D1115-042,"18499 MIRAMAR PKWY MIRAMAR, FL 33029 ",,Active,3/26/04,,403,BANKS,40,MISCELLANEOUS,BANKS
2012,WELLS FARGO BANK N A,WELLS FARGO BANK N A ATTN MAILCODE D1115-042,"1007 S FEDERAL HWY DEERFIELD BEACH, FL 33441 ",,Active,5/30/02,,403,BANKS,40,MISCELLANEOUS,BANKS
2012,WELLS FARGO BANK N A,WELLS FARGO BANK N A ATTN MAILCODE D1115-042,"3300 N FEDERAL HWY FT LAUDERDALE, FL 33306 ",,Active,1/1/87,,403,BANKS,40,MISCELLANEOUS,BANKS
2012,WELLS FARGO BANK N A,WELLS FARGO BANK N A ATTN MAILCODE D1115-042,"4100 HOLLYWOOD BLVD HOLLYWOOD, FL 33021 ",,Active,10/18/05,,403,BANKS,40,MISCELLANEOUS,BANKS
2012,WELLS FARGO BANK N A,WELLS FARGO BANK N A ATTN MAILCODE D1115-042,"12399 SHERIDAN ST COOPER CITY, FL 33026 ",,Active,12/20/83,,403,BANKS,40,MISCELLANEOUS,BANKS
2012,WELLS FARGO BANK N A,WELLS FARGO BANK N A ATTN MAILCODE D1115-042,"3131 W HALLANDALE BCH BLVD HALLANDALE, FL 33009 ",,Active,10/18/05,,403,BANKS,40,MISCELLANEOUS,BANKS
2012,WELLS FARGO BANK N A,WELLS FARGO BANK N A ATTN MAILCODE D1115-042,"15759 PINES BLVD PEMBROKE PINES, FL 33027 ",,Active,3/29/07,,403,BANKS,40,MISCELLANEOUS,BANKS
2012,WELLS FARGO BANK N A,WELLS FARGO BANK N A ATTN MAILCODE D1115-042,"9001 W OAKLAND PK BLVD SUNRISE, FL 33351 ",,Active,5/20/96,,403,BANKS,40,MISCELLANEOUS,BANKS
2012,WELLS FARGO BANK NA,WELLS FARGO BANK NA,"1950 UNIVERSITY DR POMPANO BEACH, FL 33065 ",,Active,5/30/02,,403,BANKS,40,MISCELLANEOUS,BANKS
2012,WELLS FARGO BANK NA,WELLS FARGO BANK NA,"199 N OCEAN BLVD POMPANO BEACH, FL 33062 ",,Active,5/30/02,,403,BANKS,40,MISCELLANEOUS,BANKS
2012,WELLS FARGO BANK NA,WELLS FARGO BANK NA,"6015 WASHINGTON ST HOLLYWOOD, FL 33023 ",,Active,5/30/02,,403,BANKS,40,MISCELLANEOUS,BANKS
2012,WELLS FARGO BANK NA,WELLS FARGO BANK NA,"2400 E ATLANTIC BLVD POMPANO BEACH, FL 33062 ",,Active,5/30/02,,403,BANKS,40,MISCELLANEOUS,BANKS
2012,WELLS FARGO BANK NA,WELLS FARGO BANK NA,"1790 N PINE ISLAND RD PLANTATION, FL 33322 ",,Active,3/16/83,,403,BANKS,40,MISCELLANEOUS,BANKS
2012,WELLS FARGO BANK NA,WELLS FARGO BANK NA,"4150 SW 64 AVE FT LAUDERDALE, FL 33314 ",,Active,5/30/02,,403,BANKS,40,MISCELLANEOUS,BANKS
2012,WELLS FARGO BANK NA,WELLS FARGO BANK NA,"3990 NW 16 ST FT LAUDERDALE, FL 33313 ",,Active,5/30/02,,403,BANKS,40,MISCELLANEOUS,BANKS
2012,WELLS FARGO BANK NA,WELLS FARGO BANK NA,"1100 W STATE RD 84 FT LAUDERDALE, FL 33315 ",,Active,5/30/02,,403,BANKS,40,MISCELLANEOUS,BANKS
2012,WELLS FARGO BANK NA,WELLS FARGO BANK NA,"400 E SAMPLE RD POMPANO BEACH, FL 33064 ",,Active,5/30/02,,403,BANKS,40,MISCELLANEOUS,BANKS
2012,WELLS FARGO BANK NA,WELLS FARGO BANK NA,"700 E DANIA BCH BLVD DANIA, FL 33004 ",,Active,5/30/02,,403,BANKS,40,MISCELLANEOUS,BANKS
2012,WELLS FARGO BANK NA,WELLS FARGO BANK NA,"4600 SHERIDAN ST HOLLYWOOD, FL 33021 ",,Active,5/30/02,,403,BANKS,40,MISCELLANEOUS,BANKS
2012,WELLS FARGO BANK NA,WELLS FARGO BANK NA,"1909 TYLER ST HOLLYWOOD, FL 33020 ",,Active,5/30/02,,403,BANKS,40,MISCELLANEOUS,BANKS
2012,WELLS FARGO BANK NA,WELLS FARGO BANK NA,"10191 CLEARY BLVD FT LAUDERDALE, FL 33324 ",,Active,7/28/88,,403,BANKS,40,MISCELLANEOUS,BANKS
2012,WELLS FARGO BANK NA,WELLS FARGO BANK NA,"4901 COCONUT CRK PKWY POMPANO BEACH, FL 33063 ",,Active,7/1/95,,403,BANKS,40,MISCELLANEOUS,BANKS
2012,WELLS FARGO BANK NA,WELLS FARGO BANK NA,"8890 STATE RD 84 FT LAUDERDALE, FL 33324 ",,Active,2/25/97,,403,BANKS,40,MISCELLANEOUS,BANKS
2012,WELLS FARGO BANK NA,WELLS FARGO BANK NA,"1950 W HILLSBORO BLVD DEERFIELD BCH, FL 33442 ",,Active,5/30/02,,403,BANKS,40,MISCELLANEOUS,BANKS
2012,WELLS FARGO BANK NA,WELLS FARGO BANK NA,"10480 TAFT ST HOLLYWOOD, FL 33026 ",,Active,5/30/02,,403,BANKS,40,MISCELLANEOUS,BANKS
2012,WELLS FARGO BANK NA,WELLS FARGO BANK NA,"8900 PINES BLVD HOLLYWOOD, fl 33024 ",,Active,5/30/02,,403,BANKS,40,MISCELLANEOUS,BANKS
2012,WELLS FARGO BANK NA,WELLS FARGO BANK NA,"10077 W OAKLAND PK BLVD FT LAUDERDALE, FL 33351 ",,Active,9/19/95,,403,BANKS,40,MISCELLANEOUS,BANKS
2012,WELLS FARGO BANK NA,WELLS FARGO BANK NA,"4101 W COMMERCIAL BLVD FT LAUDERDALE, L 33319 ",,Active,5/30/02,,403,BANKS,40,MISCELLANEOUS,BANKS
2012,WELLS FARGO BANK NA,WELLS FARGO BANK NA,"7005 N UNIVERSITY DR FT LAUDERDALE, FL 33321 ",,Active,2/28/84,,403,BANKS,40,MISCELLANEOUS,BANKS
2012,WELLS FARGO BANK NA,WELLS FARGO BANK NA,"278 INDIAN TRACE RD FT LAUDERDALE, FL  ",,Active,2/3/97,,403,BANKS,40,MISCELLANEOUS,BANKS
2012,WELLS FARGO BANK NA,WELLS FARGO BANK NA,"5991 RAVENSWOOD RD DANIA, FL 33004 ",,Active,5/23/88,,403,BANKS,40,MISCELLANEOUS,BANKS
2012,WELLS FARGO BANK NA,WELLS FARGO BANK NA,"4491 S STATE RD 7 FT LAUDERDALE, FL 33314 ",,Active,10/1/89,,403,BANKS,40,MISCELLANEOUS,BANKS
2012,WELLS FARGO BANK NA,WELLS FARGO BANK NA,"14701 MIRAMAR PKWY HOLLYWOOD, FL 33027 ",,Active,3/30/04,,403,BANKS,40,MISCELLANEOUS,BANKS
2012,WELLS FARGO BANK NA,WELLS FARGO BANK NA,"350 E LAS OLAS BLVD FT LAUDERDALE, FL 33301 ",,Active,7/17/00,,403,BANKS,40,MISCELLANEOUS,BANKS
2012,WELLS FARGO BANK NA,WELLS FARGO BANK NA,"6600 TAFT ST HOLLYWOOD, FL 33024 ",,Active,11/18/98,,403,BANKS,40,MISCELLANEOUS,BANKS
2012,WELLS FARGO BANK NA,WELLS FARGO BANK NA,"4511 WESTON RD FT LAUDERDALE, FL 33331 ",,Active,10/12/93,,403,BANKS,40,MISCELLANEOUS,BANKS
2012,WELLS FARGO BANK NA,WELLS FARGO BANK NA,"3201 UNIVERSITY DR POMPANO BEACH, FL 33065 ",,Active,4/11/07,,403,BANKS,40,MISCELLANEOUS,BANKS
2012,WELLS FARGO BANK NA,WELLS FARGO BANK NA,"5830 S UNIVERSITY DR FT LAUDERDALE, FL 33328 ",,Active,2/23/07,,403,BANKS,40,MISCELLANEOUS,BANKS
2012,WELLS FARGO BANK NA,WELLS FARGO BANK NA,"8251 NW 88 AVE FT LAUDERDALE, FL 33321 ",,Active,11/30/04,,403,BANKS,40,MISCELLANEOUS,BANKS
2012,WELLS FARGO BANK NA,WELLS FARGO BANK NA,"2300 N UNIVERSITY DR FT LAUDERDALE, FL 33322 ",,Active,4/14/05,,403,BANKS,40,MISCELLANEOUS,BANKS
2012,WELLS FARGO BANK NA,WELLS FARGO BANK NA,"12440 SW PINES BLVD HOLLYWOOD, FL 33027 ",,Active,5/4/98,,403,BANKS,40,MISCELLANEOUS,BANKS
2012,WELLS FARGO BANK NA,WELLS FARGO BANK NA,"3885 N FEDERAL HWY POMPANO BEACH, FL 33073 ",,Active,8/21/98,,403,BANKS,40,MISCELLANEOUS,BANKS
2012,WELLS FARGO BANK NA,WELLS FARGO BANK NA,"400 N STATE RD 7 POMPANO BEACH, FL 33063 ",,Active,4/14/05,,403,BANKS,40,MISCELLANEOUS,BANKS
2012,WELLS FARGO BANK NA,WELLS FARGO BANK NA,"702 N UNIVERSITY DR HOLLYWOOD, FL 33024 ",,Active,7/17/98,,403,BANKS,40,MISCELLANEOUS,BANKS
2012,WELLS FARGO BANK NA,WELLS FARGO BANK NA,"4875 N FEDERAL HWY FT LAUDERDALE, FL 33308 ",,Active,4/14/05,,403,BANKS,40,MISCELLANEOUS,BANKS
2012,WELLS FARGO BANK NA,WELLS FARGO BANK NA,"1 E BROWARD BLVD FT LAUDERDALE, FL 33301 ",,Active,12/4/98,,403,BANKS,40,MISCELLANEOUS,BANKS
2012,WELLS FARGO BANK NA,WELLS FARGO BANK NA,"2200 W ATLANTIC BLVD POMPANO BEACH, FL 33069 ",,Active,4/14/05,,403,BANKS,40,MISCELLANEOUS,BANKS
2012,WELLS FARGO BANK NA,WELLS FARGO BANK NA,"12617 W SUNRISE BLVD FT LAUDERDALE, FL 33322 ",,Active,1/20/04,,403,BANKS,40,MISCELLANEOUS,BANKS
2012,WELLS FARGO BANK NA,WELLS FARGO BANK NA,"5899 W OAKLAND PARK BLVD FT LAUDERDALE, FL 33313 ",,Active,10/1/95,,403,BANKS,40,MISCELLANEOUS,BANKS
2012,WELLS FARGO BANK NA,WELLS FARGO BANK NA,"1201 E HALLANDALE BCH BLVD HALLANDALE, FL 33009 ",,Active,5/20/96,,403,BANKS,40,MISCELLANEOUS,BANKS
2012,WELLS FARGO BANK NA,WELLS FARGO BANK NA,"12184 MIRAMAR PKWY HOLLYWOOD, FL 33025 ",,Active,4/2/09,,403,BANKS,40,MISCELLANEOUS,BANKS
2012,WELLS FARGO HOME MORTGAGE,WELLS FARGO HOME MORGAGE,"2200 N COMMERCE PKWY 103 FORT LAUDERDALE, FL 33328 USA",515-213-6397,Active,12/1/02,,403,BANKS,40,MISCELLANEOUS,BANKS